,Product_Name,Prices,Description
0,"vivo X60 (Midnight Black, 256 GB)","₹46,990",12 GB RAM | 256 GB ROM16.66 cm (6.56 inch) Full HD+ Display48MP + 13MP + 13MP | 32MP Front Camera4300 mAh Lithium-ion BatteryQualcomm Snapdragon 870 ProcessorAMOLED Display1 Year for Handset and 6 Months for In-box Accessories
1,"SAMSUNG Galaxy A54 5G (Awesome Lime, 256 GB)","₹38,999","8 GB RAM | 256 GB ROM | Expandable Upto 1 TB16.26 cm (6.4 inch) Full HD+ Display50MP + 12MP + 5MP | 32MP Front Camera5000 mAh BatteryExynos 1380, Octa Core Processor1 Year Manufacturer Warranty for Device and 6 Months Manufacturer Warranty for In-Box Accessories"
2,"OnePlus 10 Pro 5G (Volcanic Black, 128 GB)","₹49,499",8 GB RAM | 128 GB ROM17.02 cm (6.7 inch) Display48MP Rear Camera5000 mAh Battery1 Year Manufacturer Warranty for Handset and 6 Months Warranty for In the Box Accessories
3,"SAMSUNG Galaxy Z Flip3 5G (Phantom Black, 128 GB)","₹49,999",8 GB RAM | 128 GB ROM17.02 cm (6.7 inch) Full HD+ Display12MP + 12MP | 10MP Front Camera3300 mAh Lithium-ion BatteryQualcomm Snapdragon 888 Octa-Core Processor1 Year Manufacturer Warranty for Device and 6 months Manufacturer Warranty for In-Box Accessories
4,"OnePlus 10T 5G (Jade Green, 128 GB)","₹45,990","8 GB RAM | 128 GB ROM17.02 cm (6.7 inch) Display50MP Rear Camera4800 mAh Battery1 year on phone, 6 months on accessories"
5,"SAMSUNG Galaxy A73 5G (Awesome White, 128 GB)","₹45,490",8 GB RAM | 128 GB ROM | Expandable Upto 1 TB17.02 cm (6.7 inch) Full HD+ Display108MP + 12MP + 5MP + 5MP | 32MP Front Camera5000 mAh Li-ion BatteryQualcomm Snapdragon 778G Processor1 Year Manufacturer Warranty for Device and 6 Months Manufacturer Warranty for In-Box
6,"IQOO 9T 5G (LEGEND, 128 GB)","₹49,499",8 GB RAM | 128 GB ROM17.22 cm (6.78 inch) Display50MP Rear Camera4700 mAh Battery1 Year
7,"OnePlus 10T 5G (Jade Green, 256 GB)","₹48,990",12 GB RAM | 256 GB ROM17.02 cm (6.7 inch) Display50MP Rear Camera4800 mAh Battery1 year manufacturer warranty for device and 6 months manufacturer warranty for in-box accessories including batteries from the date of purchase
8,"SAMSUNG Galaxy Z Flip3 5G (Cream, 128 GB)","₹49,999",8 GB RAM | 128 GB ROM17.02 cm (6.7 inch) Full HD+ Display12MP + 12MP | 10MP Front Camera3300 mAh Lithium-ion BatteryQualcomm Snapdragon 888 Octa-Core Processor1 Year Manufacturer Warranty for Device and 6 months Manufacturer Warranty for In-Box Accessories
9,"realme GT 2 Pro (Paper White, 128 GB)","₹49,999",8 GB RAM | 128 GB ROM17.02 cm (6.7 inch) Quad HD Display50MP + 50MP + 2MP | 32MP Front Camera5000 mAh Lithium Ion BatteryQualcomm Snapdragon 8 Gen 1 Mobile Platform Processor1 Year Manufacturer Warranty for Phone and 6 Months Warranty for In-Box Accessories
10,"SAMSUNG Galaxy A73 5G (Awesome Gray, 128 GB)","₹38,999",8 GB RAM | 128 GB ROM | Expandable Upto 1 TB17.02 cm (6.7 inch) Full HD+ Display108MP + 12MP + 5MP + 5MP | 32MP Front Camera5000 mAh Li-ion BatteryQualcomm Snapdragon 778G Processor1 Year Manufacturer Warranty for Device and 6 Months Manufacturer Warranty for In-Box
11,"APPLE iPhone 12 (Red, 64 GB)","₹49,999","64 GB ROM15.49 cm (6.1 inch) Super Retina XDR Display12MP + 12MP | 12MP Front CameraA14 Bionic Chip with Next Generation Neural Engine ProcessorCeramic ShieldIndustry-leading IP68 Water ResistanceAll Screen OLED Display12MP TrueDepth Front Camera with Night Mode, 4K Dolby Vision HDR RecordingBrand Warranty for 1 Year"
12,"OnePlus 10T 5G (Moonstone Black, 128 GB)","₹45,699",8 GB RAM | 128 GB ROM17.02 cm (6.7 inch) Display50MP Rear Camera4800 mAh Battery1 Year Manufacturer Warranty for Handset and 6 Months Warranty for In the Box Accessories
13,"OnePlus 10T 5G (Jade Green, 128 GB)","₹43,998","8 GB RAM | 128 GB ROM17.02 cm (6.7 inch) Display50MP Rear Camera4800 mAh Battery1 year on phone, 6 months on accessories"
14,"SAMSUNG Galaxy A73 5G (Awesome Mint, 128 GB)","₹46,999",8 GB RAM | 128 GB ROM | Expandable Upto 1 TB17.02 cm (6.7 inch) Full HD+ Display108MP + 12MP + 5MP + 5MP | 32MP Front Camera5000 mAh Li-ion BatteryQualcomm Snapdragon 778G Processor1 Year Manufacturer Warranty for Device and 6 Months Manufacturer Warranty for In-Box
15,"OnePlus 9 Pro 5G (Stellar Black, 128 GB)","₹49,999",8 GB RAM | 128 GB ROM17.02 cm (6.7 inch) Display48MP Rear Camera4500 mAh Battery1 Year Manufacturer Warranty for Handset and 6 Months Warranty for In the Box Accessories
16,"realme X50 Pro (Moss Green, 256 GB)","₹34,990",12 GB RAM | 256 GB ROM16.36 cm (6.44 inch) Full HD+ Display64MP + 12MP + 8MP + 2MP | 32MP + 8MP Dual Front Camera4200 mAh Battery5G PhoneQualcomm Snapdragon 865 Processor65W Superdart ChargeBrand Warranty of 1 Year Available for Mobile and 6 Months for Accessories
17,"OnePlus 9 Pro 5G (Morning Mist, 128 GB)","₹45,999",8 GB RAM | 128 GB ROM17.02 cm (6.7 inch) Display48MP Rear Camera4500 mAh Battery1 Year
18,"Mi 10T Pro (Cosmic Black, 128 GB)","₹47,999",8 GB RAM | 128 GB ROM16.94 cm (6.67 inch) Full HD+ Display108MP + 13MP + 5MP | 20MP Front Camera5000 mAh Li-ion Polymer BatteryQualcomm Snapdragon 865 Processor144Hz Intelligent AdaptiveSync Display33W Dual Split Flash Charge1 Year Manufacturer Warranty for Device and 6 Months Manufacturer Warranty for In-box Accessories
19,"OPPO Reno8 Pro 5G (Glazed Black, 256 GB)","₹45,999",12 GB RAM | 256 GB ROM17.02 cm (6.7 inch) Full HD+ AMOLED Display50MP + 8MP + 2MP | 32MP Front Camera4500 mAh Lithium-ion Polymer BatteryMediatek Dimensity 8100 Max Processor1 Year Warranty for Phone and 6 Months Warranty for In-Box Accessories
20,"APPLE iPhone 6 Plus (Silver, 64 GB)","₹48,999",64 GB ROM13.97 cm (5.5 inch) Retina HD Display8MP Rear Camera | 1.2MP Front CameraA8 Chip with 64-bit Architecture and M8 Motion Co-processor1 Year Manufacturer Warranty
21,"realme GT 2 Pro (Paper Green, 128 GB)","₹49,999",8 GB RAM | 128 GB ROM17.02 cm (6.7 inch) Quad HD Display50MP + 50MP + 2MP | 32MP Front Camera5000 mAh Lithium Ion BatteryQualcomm Snapdragon 8 Gen 1 Mobile Platform Processor1 Year Manufacturer Warranty for Phone and 6 Months Warranty for In-Box Accessories
22,"APPLE iPhone 8 Plus (Space Grey, 64 GB)","₹49,900","64 GB ROM13.97 cm (5.5 inch) Retina HD Display12MP + 12MP | 7MP Front CameraA11 Bionic Chip with 64-bit Architecture, Neural Engine, Embedded M11 Motion Coprocessor ProcessorBrand Warranty of 1 Year"
23,"realme GT 2 Pro (Steel Black, 128 GB)","₹49,999",8 GB RAM | 128 GB ROM17.02 cm (6.7 inch) Quad HD Display50MP + 50MP + 2MP | 32MP Front Camera5000 mAh Lithium Ion BatteryQualcomm Snapdragon 8 Gen 1 Mobile Platform Processor1 Year Manufacturer Warranty for Phone and 6 Months Warranty for In-Box Accessories
24,"realme GT 2 Pro (Steel Black, 128 GB)","₹49,999",8 GB RAM | 128 GB ROM17.02 cm (6.7 inch) Quad HD Display50MP + 50MP + 2MP | 32MP Front Camera5000 mAh Lithium Ion BatteryQualcomm Snapdragon 8 Gen 1 Mobile Platform Processor1 Year Manufacturer Warranty for Phone and 6 Months Warranty for In-Box Accessories
25,"APPLE iPhone 8 Plus (Gold, 64 GB)","₹49,900","64 GB ROM13.97 cm (5.5 inch) Retina HD Display12MP + 12MP | 7MP Front CameraA11 Bionic Chip with 64-bit Architecture, Neural Engine, Embedded M11 Motion Coprocessor ProcessorBrand Warranty of 1 Year"
26,"APPLE iPhone 8 Plus (Silver, 64 GB)","₹49,900","64 GB ROM13.97 cm (5.5 inch) Retina HD Display12MP + 12MP | 7MP Front CameraA11 Bionic Chip with 64-bit Architecture, Neural Engine, Embedded M11 Motion Coprocessor ProcessorBrand Warranty of 1 Year"
27,"APPLE iPhone 11 (White, 128 GB)","₹40,999",128 GB ROM15.49 cm (6.1 inch) Liquid Retina HD Display12MP + 12MP | 12MP Front CameraA13 Bionic Chip ProcessorBrand Warranty of 1 Year
28,"OnePlus 11R 5G (Sonic Black, 128 GB)","₹38,870",8 GB RAM | 128 GB ROM17.02 cm (6.7 inch) Display50MP Rear Camera | 16MP Front Camera5000 mAh BatteryDomestic warranty of 12 months on phone & 6 months on accessories
29,"OnePlus 11R 5G (Galactic Silver, 128 GB)","₹39,995",8 GB RAM | 128 GB ROM17.02 cm (6.7 inch) Display50MP Rear Camera5000 mAh BatteryDomestic warranty of 12 months on phone & 6 months on accessories
30,"OnePlus 11R 5G (Sonic Black, 256 GB)","₹43,554",16 GB RAM | 256 GB ROM17.02 cm (6.7 inch) Display50MP Rear Camera5000 mAh BatteryDomestic warranty of 12 months on phone & 6 months on accessries
31,"OnePlus 11R 5G (Sonic Black, 256 GB)","₹44,959",16 GB RAM | 256 GB ROM17.02 cm (6.7 inch) Display50MP Rear Camera5000 mAh BatteryDomestic Warranty of 12 Months on Phone & 6 Months on Accessories
32,"OPPO Reno10 Pro 5G (Glossy Purple, 256 GB)","₹39,999",12 GB RAM | 256 GB ROM17.02 cm (6.7 inch) Full HD+ Display50MP + 32MP + 8MP | 32MP Front Camera4600 mAh BatterySnapdragon 778G 5G Processor1 Year Manufacturer Warranty for Phone and 6 Months Warranty for In the Box Accessories
33,"APPLE iPhone SE 3rd Gen (Product (Red), 256 GB)","₹44,999","256 GB ROM11.94 cm (4.7 inch) Retina HD Display12MP Rear Camera | 7MP Front CameraA15 Bionic Chip, 6 Core Processor ProcessorBrand Warranty of 1 Year"
34,"Xiaomi 12 Pro 5G (Opera Mauve, 256 GB)","₹44,999",12 GB RAM | 256 GB ROM17.09 cm (6.73 inch) Full HD+ Display50MP + 50MP + 50MP | 32MP Front Camera4600 mAh Lithium Polymer BatterySnapdragon 8 Gen 1 Processor1 Year Manufacturer Warranty for Phone and 6 Months Warranty for In the Box Accessories
35,"Xiaomi 12 Pro 5G (Noir Black, 256 GB)","₹44,999",12 GB RAM | 256 GB ROM17.09 cm (6.73 inch) Full HD+ Display50MP + 50MP + 50MP | 32MP Front Camera4600 mAh Lithium Polymer BatterySnapdragon 8 Gen 1 Processor1 Year Manufacturer Warranty for Phone and 6 Months Warranty for In the Box Accessories
36,"vivo V27 Pro 5G (Magic Blue, 256 GB)","₹39,999",8 GB RAM | 256 GB ROM17.22 cm (6.78 inch) Full HD+ Display50MP (OIS) + 8MP + 2MP | 50MP Front Camera4600 mAh BatteryMediatek Dimensity 8200 Processor1 Year Manufacturer Warranty for Phone and 6 Months Warranty for In the Box Accessories
37,"vivo V27 Pro 5G (Magic Blue, 128 GB)","₹37,999",8 GB RAM | 128 GB ROM17.22 cm (6.78 inch) Full HD+ Display50MP (OIS) + 8MP + 2MP | 50MP Front Camera4600 mAh BatteryMediatek Dimensity 8200 Processor1 Year Manufacturer Warranty for Phone and 6 Months Warranty for In the Box Accessories
38,"Nothing Phone (2) (Dark Grey, 128 GB)","₹44,999",8 GB RAM | 128 GB ROM17.02 cm (6.7 inch) Full HD+ Display50 MP(OIS) +50MP | 32MP Front Camera4700 mAh Lithium ion BatteryQualcomm Snapdragon 8+ Gen 1 ProcessorLTPO AMOLED (1 Hz - 120 Hz)1 Year Manufacturing Warranty
39,"Google Pixel 7a (Charcoal, 128 GB)","₹43,999",8 GB RAM | 128 GB ROM15.49 cm (6.1 inch) Full HD+ Display64MP (OIS) + 13MP | 13MP Front Camera4300 mAh BatteryTensor G2 Processor1 Year Domestic Warranty
40,"Google Pixel 7a (Sea, 128 GB)","₹43,999",8 GB RAM | 128 GB ROM15.49 cm (6.1 inch) Full HD+ Display64MP (OIS) + 13MP | 13MP Front Camera4300 mAh BatteryTensor G2 Processor1 Year Domestic Warranty
41,"Google Pixel 7a (Snow, 128 GB)","₹43,999",8 GB RAM | 128 GB ROM15.49 cm (6.1 inch) Full HD+ Display64MP (OIS) + 13MP | 13MP Front Camera4300 mAh BatteryTensor G2 Processor1 Year Domestic Warranty
42,"vivo V27 5G (Noble Black, 256 GB)","₹40,999",12 GB RAM | 256 GB ROM17.22 cm (6.78 Inch) Full HD+ AMOLED Display50MP (OIS) + 8MP + 2MP | 50MP Front Camera4600 mAh BatteryMediatek Dimensity 7200 5G Processor1 Year Brand Warranty
43,"OPPO Reno10 Pro 5G (Silvery Grey, 256 GB)","₹40,499",12 GB RAM | 256 GB ROM17.02 cm (6.7 inch) Full HD+ Display50MP + 32MP + 8MP | 32MP Front Camera4600 mAh BatterySnapdragon 778G 5G Processor1 Year Manufacturer Warranty for Phone and 6 Months Warranty for In the Box Accessories
44,"IQOO 9 Pro 5G (Legend, 256 GB)","₹44,990",8 GB RAM | 256 GB ROM17.22 cm (6.78 inch) Full HD+ Display50MP + 50MP + 16MP | 16MP Front Camera4700 mAh BatterySnapdragon® 8 Gen 1 Mobile Processor Processor1 year manufacturer warranty
45,"Xiaomi 12 Pro 5G (Noir Black, 256 GB)","₹41,999",8 GB RAM | 256 GB ROM17.09 cm (6.73 inch) Full HD+ Display50MP + 50MP + 50MP | 32MP Front Camera4600 mAh Lithium Polymer BatterySnapdragon 8 Gen 1 Processor1 Year Manufacturer Warranty for Phone and 6 Months Warranty for In the Box Accessories
46,"OnePlus 10R (Forest Green, 256 GB)","₹37,999",12 GB RAM | 256 GB ROM17.02 cm (6.7 inch) Display50MP Rear Camera | 16MP Front Camera5000 mAh Battery1 Year Manufacturer Warranty for Handset and 6 Months Warranty for In the Box Accessories
47,"OnePlus 10R 5G (Forest Green, 256 GB)","₹38,999",12 GB RAM | 256 GB ROM17.02 cm (6.7 inch) Display50MP Rear Camera5000 mAh Battery12 months
48,"OnePlus 10R 5G (Sierra Black, 256 GB)","₹35,980",12 GB RAM | 256 GB ROM17.02 cm (6.7 inch) Display50MP Rear Camera4500 mAh Battery1 Year Manufacturer Warranty for Handset and 6 Months Warranty for In the Box Accessories
49,"Tecno Phantom X2 Pro Retractable 50MP Portrait Lens (Mars Orange, 256 GB)","₹44,990",12 GB RAM | 256 GB ROM17.27 cm (6.8 inch) Full HD+ Display50MP + 50MP + 13MP | 32MP Front Camera5160 mAh BatteryMediaTek Dimensity 9000 MT6983 ProcessorDomestic Warranty of 12 Months on Phone & 6 Months on Accessories
50,"Xiaomi 12 Pro 5G (Couture Blue, 256 GB)","₹44,999",12 GB RAM | 256 GB ROM17.09 cm (6.73 inch) Full HD+ Display50MP + 50MP + 50MP | 32MP Front Camera4600 mAh Lithium Polymer BatterySnapdragon 8 Gen 1 Processor1 Year Manufacturer Warranty for Phone and 6 Months Warranty for In the Box Accessories
51,"OnePlus 10R 5G (Sierra Black, 256 GB)","₹39,000",12 GB RAM | 256 GB ROM17.02 cm (6.7 inch) Display50MP Rear Camera5000 mAh Battery1 Year Manufacturer Warranty for Handset and 6 Months Warranty for In the Box Accessories
52,"IQOO 9T 5G (LEGEND, 128 GB)","₹42,717",8 GB RAM | 128 GB ROM17.22 cm (6.78 inch) Display50MP Rear Camera4700 mAh Battery1 Year
53,"OnePlus 9RT 5G (Hacker Black, 256 GB)","₹42,899",12 GB RAM | 256 GB ROM16.81 cm (6.62 inch) Display50MP Rear Camera4500 mAh Battery12 months
54,"OnePlus 8T 5G (Aquamarine Green, 128 GB)","₹42,999",8 GB RAM | 128 GB ROM16.64 cm (6.55 inch) Display48MP Rear Camera4500 mAh Battery12 months
55,"IQOO 9 Pro 5G (Dark Cruise, 256 GB)","₹44,990",8 GB RAM | 256 GB ROM17.22 cm (6.78 inch) Full HD+ Display50MP + 50MP + 50MP + 16MP | 16MP Front Camera4700 mAh BatterySnapdragon® 8 Gen 1 Mobile Processor Processor1 year manufacturer warranty
56,"OnePlus 9 5G (Winter Mist, 256 GB)","₹39,900",12 GB RAM | 256 GB ROM16.64 cm (6.55 inch) Display48MP Rear Camera4500 mAh Battery1 Year
57,"IQOO 9 5G (Phoenix, 128 GB)","₹41,990",8 GB RAM | 128 GB ROM16.66 cm (6.56 inch) Display48MP + 48MP + 13MP + 13MP | 16MP + 16MP Dual Front Camera4350 mAh Battery1 Year
58,"APPLE iPhone 11 (Red, 128 GB)","₹40,999",128 GB ROM15.49 cm (6.1 inch) Liquid Retina HD Display12MP + 12MP | 12MP Front CameraA13 Bionic Chip ProcessorBrand Warranty of 1 Year
59,"IQOO 9T 5G (LEGEND, 128 GB)","₹44,999",8 GB RAM | 128 GB ROM17.22 cm (6.78 inch) Display50MP Rear Camera4700 mAh Battery1 Year
60,"Xiaomi 12 Pro 5G (Opera Mauve, 256 GB)","₹41,999",8 GB RAM | 256 GB ROM17.09 cm (6.73 inch) Full HD+ Display50MP + 50MP + 50MP | 32MP Front Camera4600 mAh Lithium Polymer BatterySnapdragon 8 Gen 1 Processor1 Year Manufacturer Warranty for Phone and 6 Months Warranty for In the Box Accessories
61,"realme X50 Pro (Moss Green, 128 GB)","₹29,999",8 GB RAM | 128 GB ROM16.36 cm (6.44 inch) Full HD+ Display64MP + 12MP + 8MP + 2MP | 32MP + 8MP Dual Front Camera4200 mAh Battery5G PhoneQualcomm Snapdragon 865 Processor65W Superdart ChargeBrand Warranty of 1 Year Available for Mobile and 6 Months for Accessories
62,"OPPO Reno8 Pro 5G (Glazed Green, 256 GB)","₹43,999",12 GB RAM | 256 GB ROM17.02 cm (6.7 inch) Full HD+ AMOLED Display50MP + 8MP + 2MP | 32MP Front Camera4500 mAh Lithium-ion Polymer BatteryMediatek Dimensity 8100 Max Processor1 Year Warranty for Phone and 6 Months Warranty for In-Box Accessories
63,"APPLE iPhone 11 (Black, 64 GB)","₹37,999",64 GB ROM15.49 cm (6.1 inch) Liquid Retina HD Display12MP + 12MP | 12MP Front CameraA13 Bionic Chip ProcessorBrand Warranty of 1 Year
64,"OnePlus 10R (Sierra Black, 128 GB)","₹28,239",8 GB RAM | 128 GB ROM17.02 cm (6.7 inch) Display50MP Rear Camera | 16MP Front Camera5000 mAh Battery1 Year Manufacturer Warranty for Handset and 6 Months Warranty for In the Box Accessories
65,"OnePlus 11R 5G (Sonic Black, 128 GB)","₹39,945",8 GB RAM | 128 GB ROM17.02 cm (6.7 inch) Display50MP Rear Camera5000 mAh BatteryDomestic warranty of 12 months on phone & 6 months on accessories
66,"OPPO Reno10 5G (Ice Blue, 256 GB)","₹32,999",8 GB RAM | 256 GB ROM17.02 cm (6.7 inch) Full HD+ Display64MP + 32MP + 8MP | 32MP Front Camera5000 mAh BatteryDimensity 7050 Processor1 Year Manufacturer Warranty for Phone and 6 Months Warranty for In the Box Accessories
67,"OPPO Reno10 5G (Silvery Grey, 256 GB)","₹32,999",8 GB RAM | 256 GB ROM17.02 cm (6.7 inch) Full HD+ Display64MP + 32MP + 8MP | 32MP Front Camera5000 mAh BatteryDimensity 7050 Processor1 Year Manufacturer Warranty for Phone and 6 Months Warranty for In the Box Accessories
68,"OnePlus Nord 3 5G (Misty Green, 256 GB)","₹37,460",16 GB RAM | 256 GB ROM17.12 cm (6.74 inch) Display50MP Rear Camera5000 mAh BatteryDomestic 1 Year of Device & 6 Months for In-Box Accessories
69,"APPLE iPhone 11 (White, 64 GB)","₹37,999",64 GB ROM15.49 cm (6.1 inch) Liquid Retina HD Display12MP + 12MP | 12MP Front CameraA13 Bionic Chip ProcessorBrand Warranty of 1 Year
70,"OnePlus 10R (Forest Green, 128 GB)","₹28,368",8 GB RAM | 128 GB ROM17.02 cm (6.7 inch) Display50MP Rear Camera | 16MP Front Camera5000 mAh Battery1 Year Manufacturer Warranty for Handset and 6 Months Warranty for In the Box Accessories
71,"vivo V27 5G (Magic Blue, 128 GB)","₹32,999",8 GB RAM | 128 GB ROM17.22 cm (6.78 Inch) Full HD+ AMOLED Display50MP (OIS) + 8MP + 2MP | 50MP Front Camera4600 mAh BatteryMediatek Dimensity 7200 5G Processor1 Year Brand Warranty
72,"vivo V27 5G (Noble Black, 128 GB)","₹32,999",8 GB RAM | 128 GB ROM17.22 cm (6.78 Inch) Full HD+ AMOLED Display50MP (OIS) + 8MP + 2MP | 50MP Front Camera4600 mAh BatteryMediatek Dimensity 7200 5G Processor1 Year Brand Warranty
73,"OnePlus 11R 5G (Sonic Black, 128 GB)","₹39,599",8 GB RAM | 128 GB ROM17.02 cm (6.7 inch) Display50MP Rear Camera5000 mAh BatteryDomestic warranty of 12 months on phone & 6 months on accessories
74,"OnePlus Nord 3 5G (Tempest Gray, 256 GB)","₹36,399",16 GB RAM | 256 GB ROM17.12 cm (6.74 inch) Display50MP Rear Camera5000 mAh BatteryDomestic 1 Year of Device & 6 Months for In-Box Accessories
75,"APPLE iPhone SE 3rd Gen (Starlight, 128 GB)","₹36,999","128 GB ROM11.94 cm (4.7 inch) Retina HD Display12MP Rear Camera | 7MP Front CameraA15 Bionic Chip, 6 Core Processor ProcessorBrand Warranty of 1 Year"
76,"OnePlus 11R 5G (Sonic Black, 128 GB)","₹39,739",8 GB RAM | 128 GB ROM17.02 cm (6.7 inch) Display50MP Rear Camera5000 mAh BatteryDomestic warranty of 12 months on phone & 6 months on accessories
77,"APPLE iPhone SE 3rd Gen (Product (Red), 128 GB)","₹36,999","128 GB ROM11.94 cm (4.7 inch) Retina HD Display12MP Rear Camera | 7MP Front CameraA15 Bionic Chip, 6 Core Processor ProcessorBrand Warranty of 1 Year"
78,"vivo V27 5G (Magic Blue, 256 GB)","₹36,999",12 GB RAM | 256 GB ROM17.22 cm (6.78 Inch) Full HD+ AMOLED Display50MP (OIS) + 8MP + 2MP | 50MP Front Camera4600 mAh BatteryMediatek Dimensity 7200 5G Processor1 Year Brand Warranty
79,"SAMSUNG Galaxy A54 5G (Awesome Graphite, 256 GB)","₹38,999","8 GB RAM | 256 GB ROM | Expandable Upto 1 TB16.26 cm (6.4 inch) Full HD+ Display50MP + 12MP + 5MP | 32MP Front Camera5000 mAh BatteryExynos 1380, Octa Core Processor1 Year Manufacturer Warranty for Device and 6 Months Manufacturer Warranty for In-Box Accessories"
80,"Mi 10T (Cosmic Black, 128 GB)","₹21,490",6 GB RAM | 128 GB ROM16.94 cm (6.67 inch) Full HD+ Display64MP + 13MP + 5MP | 20MP Front Camera5000 mAh Li-ion Polymer BatteryQualcomm Snapdragon 865 Processor144Hz Intelligent AdaptiveSync Display33W Dual Split Flash Charge1 Year Manufacturer Warranty for Device and 6 Months Manufacturer Warranty for In-box Accessories
81,"vivo V25 Pro 5G (Pure Black, 256 GB)","₹34,890",12 GB RAM | 256 GB ROM16.66 cm (6.56 inch) Full HD+ Display64MP + 8MP + 2MP | 32MP Front Camera4830 mAh Lithium BatteryMediatek Dimensity 1300 ProcessorColor Changing Fluorite AG Glass Design120 Hz 3D Curve Display1 Year on Handset and 6 Months on Accessories
82,"vivo V27 Pro 5G (Noble Black, 128 GB)","₹37,999",8 GB RAM | 128 GB ROM17.22 cm (6.78 inch) Full HD+ Display50MP (OIS) + 8MP + 2MP | 50MP Front Camera4600 mAh BatteryMediatek Dimensity 8200 Processor1 Year Manufacturer Warranty for Phone and 6 Months Warranty for In the Box Accessories
83,"vivo V25 Pro 5G (Sailing Blue, 128 GB)","₹28,390",8 GB RAM | 128 GB ROM16.66 cm (6.56 inch) Full HD+ Display64MP + 8MP + 2MP | 32MP Front Camera4830 mAh Lithium BatteryMediatek Dimensity 1300 ProcessorColor Changing Fluorite AG Glass Design120 Hz 3D Curve Display1 Year on Handset and 6 Months on Accessories
84,"vivo V23 Pro 5G (Stardust Black, 128 GB)","₹38,990",8 GB RAM | 128 GB ROM | Expandable Upto 12 GB16.66 cm (6.56 inch) Full HD+ Display108MP + 8MP + 2MP | 50MP + 8MP Dual Front Camera4300 mAh Lithium BatteryMediatek Dimensity 1200 Processor1 Year Manufacturer Warranty for Phone and 6 Months Warranty for In the Box Accessories
85,"vivo V25 Pro 5G (Pure Black, 128 GB)","₹28,249",8 GB RAM | 128 GB ROM16.66 cm (6.56 inch) Full HD+ Display64MP + 8MP + 2MP | 32MP Front Camera4830 mAh Lithium BatteryMediatek Dimensity 1300 ProcessorColor Changing Fluorite AG Glass Design120 Hz 3D Curve Display1 Year on Handset and 6 Months on Accessories
86,"OnePlus 10R 5G (Sierra Black, 256 GB)","₹35,990",12 GB RAM | 256 GB ROM17.02 cm (6.7 inch) Display50MP Rear Camera | 16MP Front Camera5000 mAh Battery1 Year Manufacturer Warranty for Handset and 6 Months Warranty for In the Box Accessories
87,"vivo V23 Pro 5G (Sunshine Gold, 256 GB)","₹39,990",12 GB RAM | 256 GB ROM16.66 cm (6.56 inch) Full HD+ Display108MP + 8MP + 2MP | 50MP + 8MP Dual Front Camera4300 mAh Lithium BatteryMediatek Dimensity 1200 Processor1 Year Manufacturer Warranty for Phone and 6 Months Warranty for In the Box Accessories
88,"OPPO Reno8T 5G (Sunrise Gold, 128 GB)","₹29,999",8 GB RAM | 128 GB ROM | Expandable Upto 1 TB17.02 cm (6.7 inch) Full HD+ Display108MP + 2MP + 2MP | 32MP Front Camera4800 mAh Lithium-ion Polymer BatteryQualcomm Snapdragon 695 Processor67W SUPERVOOC TM Charger I Dual Stereo Speakers120Hz 3D Curved AMOLED Screen1 Year on Handset and 6 Months on Accessories
89,"OPPO Reno8T 5G (Midnight Black, 128 GB)","₹29,999",8 GB RAM | 128 GB ROM | Expandable Upto 1 TB17.02 cm (6.7 inch) Full HD+ Display108MP + 2MP + 2MP | 32MP Front Camera4800 mAh Lithium-ion Polymer BatteryQualcomm Snapdragon 695 Processor67W SUPERVOOC TM Charger I Dual Stereo Speakers120Hz 3D Curved AMOLED Screen1 Year on Handset and 6 Months on Accessories
90,"Tecno Phantom X2 5G Dual Curved AMOLED Display (Moonlight Silver, 256 GB)","₹36,999",8 GB RAM | 256 GB ROM17.27 cm (6.8 inch) Display64MP Rear Camera5160 mAh Battery12 months on smart phone & 6 months on accessories in the box domestic warranty
91,"IQOO 9T 5G (ALPHA, 128 GB)","₹45,799",8 GB RAM | 128 GB ROM17.22 cm (6.78 inch) Display50MP Rear Camera4700 mAh Battery1 Year
92,"ASUS ROG 5s (Black, 128 GB)","₹49,999",8 GB RAM | 128 GB ROM17.22 cm (6.78 inch) Full HD+ Display64MP + 13MP + 5MP | 24MP Front Camera6000 mAh Lithium Polymer BatteryQualcomm Snapdragon 888 Plus (SM8350) Processor1 Year Brand Warranty
93,"APPLE iPhone 11 (Green, 128 GB)","₹40,999",128 GB ROM15.49 cm (6.1 inch) Liquid Retina HD Display12MP + 12MP | 12MP Front CameraA13 Bionic Chip ProcessorBrand Warranty of 1 Year
94,"Mi 10T (Lunar Silver, 128 GB)","₹42,999",8 GB RAM | 128 GB ROM16.94 cm (6.67 inch) Full HD+ Display64MP + 13MP + 5MP | 20MP Front Camera5000 mAh Li-ion Polymer BatteryQualcomm Snapdragon 865 Processor144Hz Intelligent AdaptiveSync Display33W Dual Split Flash Charge1 Year Manufacturer Warranty for Device and 6 Months Manufacturer Warranty for In-box Accessories
95,"SAMSUNG Galaxy A53 (Awesome Black, 256 GB)","₹36,499",8 GB RAM | 256 GB ROM | Expandable Upto 1 TB16.51 cm (6.5 inch) Full HD+ Display64MP + 12MP + 5MP + 5MP | 32MP Front Camera5000 mAh Lithium Ion BatteryExynos Octa Core Processor Processor1 Year Manufacturer Warranty for Device and 6 Months Manufacturer Warranty for In-Box
96,"SAMSUNG Galaxy A53 (Awesome Blue, 256 GB)","₹34,999",8 GB RAM | 256 GB ROM | Expandable Upto 1 TB16.51 cm (6.5 inch) Full HD+ Display64MP + 12MP + 5MP + 5MP | 32MP Front Camera5000 mAh Lithium Ion BatteryExynos Octa Core Processor Processor1 Year Manufacturer Warranty for Device and 6 Months Manufacturer Warranty for In-Box
97,"POCO F4 5G (Nebula Green, 256 GB)","₹39,999",12 GB RAM | 256 GB ROM16.94 cm (6.67 inch) Full HD+ Display64MP + 8MP + 2MP | 20MP Front Camera4500 mAh Lithium-ion Polymer BatteryQualcomm Snapdragon 870 Processor2 Years Brand Warranty
98,"SAMSUNG Galaxy S21 FE 5G (Lavender, 128 GB)","₹39,999",8 GB RAM | 128 GB ROM16.26 cm (6.4 inch) Full HD+ Display12MP + 12MP + 8MP (OIS) | 32MP Front Camera4500 mAh Lithium-ion Battery5nm Exynos 2100 Processor1 Year Manufacturer Warranty for Device and 6 Months Manufacturer Warranty for In-Box Accessories
99,"SAMSUNG Galaxy S21 FE 5G (Graphite, 128 GB)","₹39,999",8 GB RAM | 128 GB ROM16.26 cm (6.4 inch) Full HD+ Display12MP + 12MP + 8MP (OIS) | 32MP Front Camera4500 mAh Lithium-ion Battery1 Year Manufacturer Warranty for Device and 6 Months Manufacturer Warranty for In-Box Accessories
100,"vivo X60 (Shimmer Blue, 128 GB)","₹37,490",8 GB RAM | 128 GB ROM16.66 cm (6.56 inch) Full HD+ Display48MP + 13MP + 13MP | 32MP Front Camera4300 mAh Lithium-ion BatteryQualcomm Snapdragon 870 ProcessorAMOLED Display1 Year for Handset and 6 Months for In-box Accessories
101,"SAMSUNG Galaxy A53 (Awesome Blue, 128 GB)","₹33,499",8 GB RAM | 128 GB ROM | Expandable Upto 1 TB16.51 cm (6.5 inch) Full HD+ Display64MP + 12MP + 5MP + 5MP | 32MP Front Camera5000 mAh Lithium Ion BatteryExynos Octa Core Processor Processor1 Year Manufacturer Warranty for Device and 6 Months Manufacturer Warranty for In-Box
102,"vivo V27 5G (Noble Black, 256 GB)","₹39,499",12 GB RAM | 256 GB ROM17.22 cm (6.78 Inch) Full HD+ AMOLED Display50MP + 8MP + 2MP | 50MP Front Camera4600 mAh BatteryMediatek Dimensity 7200 5G Processor1 Year Brand Warranty
103,"Tecno Phantom X2 5G Dual Curved AMOLED Display (Stardust Grey, 256 GB)","₹36,980",8 GB RAM | 256 GB ROM17.27 cm (6.8 inch) Display64MP Rear Camera5160 mAh Battery12 month on smart phone & 6 months on accessories in the box domestic warranty
104,"SAMSUNG Galaxy S20 FE (Cloud White, 128 GB)","₹35,999",8 GB RAM | 128 GB ROM | Expandable Upto 1 TB16.51 cm (6.5 inch) Full HD+ Display12MP + 12MP + 8MP Rear Camera | 32MP Front Camera4500 mAh Lithium Ion BatteryExynos Octa Core ProcessorSuper AMOLED Display | 120 Hz RateIP68 Rating1 Year Warranty Provided by the Manufacturer from Date of Purchase
105,"SAMSUNG Galaxy A54 5G (Awesome Violet, 256 GB)","₹38,999","8 GB RAM | 256 GB ROM | Expandable Upto 1 TB16.26 cm (6.4 inch) Full HD+ Display50MP + 12MP + 5MP | 32MP Front Camera5000 mAh BatteryExynos 1380, Octa Core Processor1 Year Manufacturer Warranty for Device and 6 Months Manufacturer Warranty for In-Box Accessories"
106,"SAMSUNG Galaxy S21 FE 5G (Olive Green, 128 GB)","₹39,999",8 GB RAM | 128 GB ROM16.26 cm (6.4 inch) Full HD+ Display12MP + 12MP + 8MP (OIS) | 32MP Front Camera4500 mAh Lithium-ion Battery1 Year Manufacturer Warranty for Device and 6 Months Manufacturer Warranty for In-Box Accessories
107,"Mi 10T (Cosmic Black, 128 GB)","₹37,999",8 GB RAM | 128 GB ROM16.94 cm (6.67 inch) Full HD+ Display64MP + 13MP + 5MP | 20MP Front Camera5000 mAh Li-ion Polymer BatteryQualcomm Snapdragon 865 Processor144Hz Intelligent AdaptiveSync Display33W Dual Split Flash Charge1 Year Manufacturer Warranty for Device and 6 Months Manufacturer Warranty for In-box Accessories
108,"OnePlus Nord 2 5G (PAC-MAN, 256 GB)","₹34,990",12 GB RAM | 256 GB ROM16.33 cm (6.43 inch) Display50MP Rear Camera4500 mAh Battery12 months
109,"OnePlus 9 5G (Arctic Sky, 128 GB)","₹37,980",8 GB RAM | 128 GB ROM16.64 cm (6.55 inch) Display48MP Rear Camera | 16MP Front Camera4500 mAh Battery12 months
110,"OnePlus 9 5G (Astral Black, 256 GB)","₹39,999",12 GB RAM | 256 GB ROM16.81 cm (6.62 inch) Display48MP Rear Camera4500 mAh Battery12 months
111,"OnePlus 9 5G (Astral Black, 128 GB)","₹37,999",8 GB RAM | 128 GB ROM16.64 cm (6.55 inch) Display48MP Rear Camera4500 mAh Battery12 months
112,"OPPO Reno8 5G (Shimmer Gold, 128 GB)","₹38,999",8 GB RAM | 128 GB ROM16.33 cm (6.43 inch) Full HD Display50MP + 8MP + 2MP | 32MP Front Camera4500 mAh Lithium-ion Polymer BatteryMediatek Dimensity 1300 Processor1 Year Warranty for Phone and 6 Months Warranty for In-Box Accessories
113,"IQOO 9 5G (Alpha, 128 GB)","₹32,990",8 GB RAM | 128 GB ROM16.66 cm (6.56 inch) Display48MP + 48MP + 13MP + 13MP | 16MP + 16MP Dual Front Camera4350 mAh Battery1 Year
114,"realme GT Neo 3T (Drifting White, 128 GB)","₹36,999",8 GB RAM | 128 GB ROM16.81 cm (6.62 inch) Full HD+ AMOLED Display64MP + 8MP + 2MP | 16MP Front Camera5000 mAh Lithium Ion BatteryQualcomm Snapdragon 870 Processor1 Year Manufacturer Warranty for Phone and 6 Months Warranty for In-Box Accessories
115,"realme GT Neo 3T (Dash Yellow, 256 GB)","₹38,999",8 GB RAM | 256 GB ROM16.81 cm (6.62 inch) Full HD+ AMOLED Display64MP + 8MP + 2MP | 16MP Front Camera5000 mAh Lithium Ion BatteryQualcomm Snapdragon 870 Processor1 Year Manufacturer Warranty for Phone and 6 Months Warranty for In-Box Accessories
116,"realme GT Neo 3T (Dash Yellow, 128 GB)","₹36,999",8 GB RAM | 128 GB ROM16.81 cm (6.62 inch) Full HD+ AMOLED Display64MP + 8MP + 2MP | 16MP Front Camera5000 mAh Lithium Ion BatteryQualcomm Snapdragon 870 Processor1 Year Manufacturer Warranty for Phone and 6 Months Warranty for In-Box Accessories
117,"realme GT Neo 3T (Drifting White, 256 GB)","₹38,999",8 GB RAM | 256 GB ROM16.81 cm (6.62 inch) Full HD+ AMOLED Display64MP + 8MP + 2MP | 16MP Front Camera5000 mAh Lithium Ion BatteryQualcomm Snapdragon 870 Processor1 Year Manufacturer Warranty for Phone and 6 Months Warranty for In-Box Accessories
118,"IQOO 9 5G (Phoenix, 256 GB)","₹37,967",12 GB RAM | 256 GB ROM16.66 cm (6.56 inch) Display48MP + 48MP + 13MP + 13MP | 16MP Front Camera4350 mAh Battery1 Year
119,"OnePlus 10R 5G (Sierra Black, 256 GB)","₹38,990",12 GB RAM | 256 GB ROM17.02 cm (6.7 inch) Display50MP Rear Camera4500 mAh Battery1 Year Manufacturer Warranty for Handset and 6 Months Warranty for In the Box Accessories
120,"APPLE iPhone 11 (Purple, 64 GB)","₹37,999",64 GB ROM15.49 cm (6.1 inch) Liquid Retina HD Display12MP + 12MP | 12MP Front CameraA13 Bionic Chip ProcessorBrand Warranty of 1 Year
121,"SAMSUNG Galaxy S21 FE 5G (White, 128 GB)","₹39,999",8 GB RAM | 128 GB ROM16.26 cm (6.4 inch) Full HD+ Display12MP + 12MP + 8MP (OIS) | 32MP Front Camera4500 mAh Lithium-ion Battery1 Year Manufacturer Warranty for Device and 6 Months Manufacturer Warranty for In-Box Accessories
122,"OnePlus 10R 5G (Sierra Black, 256 GB)","₹38,990",12 GB RAM | 256 GB ROM17.02 cm (6.7 inch) Display50MP Rear Camera4500 mAh Battery1 Year Manufacturer Warranty for Handset and 6 Months Warranty for In the Box Accessories
123,"SAMSUNG Galaxy S20 FE (Cloud White, 128 GB)","₹35,999",8 GB RAM | 128 GB ROM | Expandable Upto 1 TB16.51 cm (6.5 inch) Full HD+ Display12MP + 12MP + 8MP Rear Camera | 32MP Front Camera4500 mAh Lithium Ion BatteryExynos Octa Core ProcessorSuper AMOLED Display | 120 Hz RateIP68 Rating1 Year Warranty Provided by the Manufacturer from Date of Purchase
124,"OnePlus 9R 5G (Carbon Black, 128 GB)","₹39,999",8 GB RAM | 128 GB ROM16.64 cm (6.55 inch) Display48MP Rear Camera4500 mAh Battery1 Year
125,"OPPO Reno5 Pro 5G (Astral Blue, 128 GB)","₹35,990",8 GB RAM | 128 GB ROM16.64 cm (6.55 inch) Full HD+ Display64MP + 8MP + 2MP + 2MP | 32MP Front Camera4350 mAh Lithium-ion Polymer BatteryMediaTek Dimensity 1000+ (MT6889) Processor65W Super VOOC 2.0 Charging | ColorOS 11.1 (Based on Android 11)3D Borderless Sense Screen | AI Highlight Video (Ultra Night Video + Live HDR) | Super AMOLED DisplayBrand Warranty of 1 Year Available for Mobile Including Battery and 6 Months for Accessories
126,"Mi 11X Pro 5G (Lunar White, 256 GB)","₹36,890",8 GB RAM | 256 GB ROM16.94 cm (6.67 inch) Full HD+ Display108MP + 8MP + 5MP | 20MP Front Camera4520 mAh BatteryQualcomm Snapdragon 888 Processor1 Year Manufacturer Warranty for Device and 6 Months Manufacturer Warranty for In-box Accessories
127,"OnePlus 10R 5G (Sierra Black, 256 GB)","₹38,000",12 GB RAM | 256 GB ROM17.02 cm (6.7 inch) Display50MP Rear Camera4500 mAh Battery1 Year Manufacturer Warranty for Handset and 6 Months Warranty for In the Box Accessories
128,"vivo X21 (Black, 128 GB)","₹36,990",6 GB RAM | 128 GB ROM | Expandable Upto 256 GB15.95 cm (6.28 inch) Full HD+ Display12MP + 5MP | 12MP Front Camera3200 mAh Li-ion BatteryQualcomm Snapdragon 660 AIE ProcessorBrand Warranty of 1 Year Available for Mobile and 6 Months for Accessories
129,"OnePlus 9RT 5G (Hacker Black, 128 GB)","₹39,900",8 GB RAM | 128 GB ROM16.81 cm (6.62 inch) Display50MP Rear Camera4500 mAh Battery12 months
130,"IQOO 3 (Quantum Silver, 128 GB)","₹37,990","8 GB RAM | 128 GB ROM16.36 cm (6.44 inch) Full HD+ Display48MP + 13MP + 13MP + 2MP | 16MP Front Camera4440 mAh Li-ion BatteryQualcomm Snapdragon 865 ProcessorIn-Display Fingerprint Sensor, Monster Touch Buttons55 W Super Flash ChargeSuper AMOLED DisplayBrand Warranty of 1 Year Available for Mobile and Accessories"
131,"IQOO 9 5G (Phoenix, 256 GB)","₹37,967",12 GB RAM | 256 GB ROM16.66 cm (6.56 inch) Display48MP + 48MP + 13MP + 13MP | 16MP Front Camera4350 mAh Battery1 Year
132,"Huawei P9 (Mystic Silver, 32 GB)","₹39,999",3 GB RAM | 32 GB ROM | Expandable Upto 128 GB13.21 cm (5.2 inch) Full HD Display12MP + 12MP | 8MP Front Camera3000 mAh BatteryHUAWEI Kirin 955 ARM Cortex-A72 64-bit + ARM Cortex-A53 64-bit ProcessorBrand Warranty of 1 Year Available for Mobile and 6 Months for Accessories
133,"Mi 10 (Coral Green, 256 GB)","₹39,990",8 GB RAM | 256 GB ROM16.94 cm (6.67 inch) Display108MP + 13MP + 2MP + 2MP | 20MP Front Camera4780 mAh BatteryQualcomm Snapdragon 865 ProcessorFull HD+ 3D Curved E3 AMOLED HDR 10+ Display30 W Charging1 Year Manufacturer Warranty for Device and 6 Months Manufacturer Warranty for In-box Accessories Including Batteries from the Date of Purchase
134,"OPPO Reno5 Pro 5G (Starry Black, 128 GB)","₹35,990",8 GB RAM | 128 GB ROM16.64 cm (6.55 inch) Full HD+ Display64MP + 8MP + 2MP + 2MP | 32MP Front Camera4350 mAh Lithium-ion Polymer BatteryMediaTek Dimensity 1000+ (MT6889) Processor65W Super VOOC 2.0 Charging | ColorOS 11.1 (Based on Android 11)3D Borderless Sense Screen | AI Highlight Video (Ultra Night Video + Live HDR) | Super AMOLED DisplayBrand Warranty of 1 Year Available for Mobile Including Battery and 6 Months for Accessories
135,"OPPO Reno6 Pro 5G (Aurora, 256 GB)","₹39,990",12 GB RAM | 256 GB ROM16.64 cm (6.55 inch) Full HD+ Display64MP + 8MP + 2MP + 2MP | 32MP Front Camera4500 mAh Lithium-ion Polymer BatteryMediaTek Dimensity 1200 Processor65W SuperVOOC 2.0 Charging3D Borderless ScreenBokeh Flare Portrait Video | AI Highlight Video | OPPO Reno Glow 2.0Brand Warranty of 1 Year Available for Mobile Including Battery and 6 Months for Accessories
136,"POCO C51 (Royal Blue, 64 GB)","₹6,499",4 GB RAM | 64 GB ROM | Expandable Upto 1 TB16.56 cm (6.52 inch) HD+ Display8MP Dual Rear Camera | 5MP Front Camera5000 mAh BatteryHelio G36 Processor1 Year Manufacturer Warranty for Phone and 6 Months Warranty for in the Box Accessories
137,"POCO C51 (Power Black, 64 GB)","₹6,499",4 GB RAM | 64 GB ROM | Expandable Upto 1 TB16.56 cm (6.52 inch) HD+ Display8MP Dual Rear Camera | 5MP Front Camera5000 mAh BatteryHelio G36 Processor1 Year Manufacturer Warranty for Phone and 6 Months Warranty for in the Box Accessories
138,"POCO C50 (Royal Blue, 32 GB)","₹5,499","2 GB RAM | 32 GB ROM | Expandable Upto 512 GB16.56 cm (6.52 inch) HD+ Display8MP Dual Camera | 5MP Front Camera5000 mAh Lithium Polymer BatteryMediatek Helio A22 Processor, Upto 2.0 GHz Processor1 Year Manufacturer Warranty for Phone and 6 Months Warranty for In the Box Accessories"
139,"REDMI 12 (Moonstone Silver, 128 GB)","₹9,999",4 GB RAM | 128 GB ROM | Expandable Upto 1 TB17.25 cm (6.79 inch) Full HD+ Display50MP + 8MP + 2MP | 8MP Front Camera5000 mAh BatteryHelio G88 Processor1 Year Manufacturer Warranty for Phone and 6 Months Warranty for in the Box Accessories
140,"Infinix HOT 20 Play (Fantasy Purple, 64 GB)","₹7,999",4 GB RAM | 64 GB ROM | Expandable Upto 256 GB17.32 cm (6.82 inch) HD+ Display13Mp + AI Lens | 8MP Front Camera6000 mAh Li-ion Polymer BatteryMediaTek G37 Processor1 Year on Handset and 6 Months on Accessories
141,"Infinix HOT 20 Play (Luna Blue, 64 GB)","₹7,999",4 GB RAM | 64 GB ROM | Expandable Upto 256 GB17.32 cm (6.82 inch) HD+ Display13Mp + AI Lens | 8MP Front Camera6000 mAh Li-ion Polymer BatteryMediaTek G37 Processor1 Year on Handset and 6 Months on Accessories
142,"Infinix HOT 20 Play (Aurora Green, 64 GB)","₹7,999",4 GB RAM | 64 GB ROM | Expandable Upto 256 GB17.32 cm (6.82 inch) HD+ Display13Mp + AI Lens | 8MP Front Camera6000 mAh Li-ion Polymer BatteryMediaTek G37 Processor1 Year on Handset and 6 Months on Accessories
143,"Infinix HOT 20 Play (Racing Black, 64 GB)","₹7,999",4 GB RAM | 64 GB ROM | Expandable Upto 256 GB17.32 cm (6.82 inch) HD+ Display13Mp + AI Lens | 8MP Front Camera6000 mAh Li-ion Polymer BatteryMediaTek G37 Processor1 Year on Handset and 6 Months on Accessories
144,"POCO C55 (Cool Blue, 128 GB)","₹8,499",6 GB RAM | 128 GB ROM | Expandable Upto 1 TB17.04 cm (6.71 inch) HD+ Display50MP Dual Rear Camera | 5MP Front Camera5000 mAh BatteryMediatek Helio G85 Processor1 Year Manufacturer Warranty for Phone and 6 Months Warranty for In the Box Accessories
145,"POCO C55 (Power Black, 128 GB)","₹8,499",6 GB RAM | 128 GB ROM | Expandable Upto 1 TB17.04 cm (6.71 inch) HD+ Display50MP Dual Rear Camera | 5MP Front Camera5000 mAh BatteryMediatek Helio G85 Processor1 Year Manufacturer Warranty for Phone and 6 Months Warranty for In the Box Accessories
146,"vivo T2x 5G (Aurora Gold, 128 GB)","₹15,999",8 GB RAM | 128 GB ROM16.71 cm (6.58 inch) Full HD+ Display50MP + 2MP | 8MP Front Camera5000 mAh BatteryDimensity 6020 Processor1 Year of Device & 6 Months for Inbox Accessories
147,"Infinix SMART 7 (Azure Blue, 64 GB)","₹6,999",4 GB RAM | 64 GB ROM | Expandable Upto 2 TB16.76 cm (6.6 inch) HD+ Display13MP + AI Lens | 5MP Front Camera6000 mAh BatteryUnisoc Spreadtrum SC9863A1 Processor1 Year on Handset and 6 Months on Accessories
148,"Infinix SMART 7 (Emerald Green, 64 GB)","₹6,999",4 GB RAM | 64 GB ROM | Expandable Upto 2 TB16.76 cm (6.6 inch) HD+ Display13MP + AI Lens | 5MP Front Camera6000 mAh BatteryUnisoc Spreadtrum SC9863A1 Processor1 Year on Handset and 6 Months on Accessories
149,"MOTOROLA e13 (Aurora Green, 64 GB)","₹7,299",4 GB RAM | 64 GB ROM | Expandable Upto 1 TB16.51 cm (6.5 inch) HD+ Display13MP Rear Camera | 5MP Front Camera5000 mAh BatteryUnisoc T606 Processor1 Year on Handset and 6 Months on Accessories
150,"POCO C55 (Forest Green, 128 GB)","₹8,499",6 GB RAM | 128 GB ROM | Expandable Upto 1 TB17.04 cm (6.71 inch) HD+ Display50MP Dual Rear Camera | 5MP Front Camera5000 mAh BatteryMediatek Helio G85 Processor1 Year Manufacturer Warranty for Phone and 6 Months Warranty for In the Box Accessories
151,"vivo T2x 5G (Marine Blue, 128 GB)","₹13,999",6 GB RAM | 128 GB ROM16.71 cm (6.58 inch) Full HD+ Display50MP + 2MP | 8MP Front Camera5000 mAh BatteryDimensity 6020 Processor1 Year of Device & 6 Months for Inbox Accessories
152,"vivo T2x 5G (Marine Blue, 128 GB)","₹15,999",8 GB RAM | 128 GB ROM16.71 cm (6.58 inch) Full HD+ Display50MP + 2MP | 8MP Front Camera5000 mAh BatteryDimensity 6020 Processor1 Year of Device & 6 Months for Inbox Accessories
153,"vivo T2x 5G (Glimmer Black, 128 GB)","₹13,999",6 GB RAM | 128 GB ROM16.71 cm (6.58 inch) Full HD+ Display50MP + 2MP | 8MP Front Camera5000 mAh BatteryDimensity 6020 Processor1 Year of Device & 6 Months for Inbox Accessories
154,"vivo T2x 5G (Glimmer Black, 128 GB)","₹15,999",8 GB RAM | 128 GB ROM16.71 cm (6.58 inch) Full HD+ Display50MP + 2MP | 8MP Front Camera5000 mAh BatteryDimensity 6020 Processor1 Year of Device & 6 Months for Inbox Accessories
155,"Infinix SMART 7 (Azure Blue, 128 GB)","₹7,599",4 GB RAM | 128 GB ROM | Expandable Upto 512 GB16.76 cm (6.6 inch) HD+ Display13MP + AI Lens | 5MP Front Camera6000 mAh BatteryUnisoc Spreadtrum SC9863A1 Processor1 Year on Handset and 6 Months on Accessories
156,"Infinix SMART 7 (Night Black, 128 GB)","₹7,599",4 GB RAM | 128 GB ROM | Expandable Upto 512 GB16.76 cm (6.6 inch) HD+ Display13MP + AI Lens | 5MP Front Camera6000 mAh BatteryUnisoc Spreadtrum SC9863A1 Processor1 Year on Handset and 6 Months on Accessories
157,"Infinix SMART 7 (Emerald Green, 128 GB)","₹7,599",4 GB RAM | 128 GB ROM | Expandable Upto 512 GB16.76 cm (6.6 inch) HD+ Display13MP + AI Lens | 5MP Front Camera6000 mAh BatteryUnisoc Spreadtrum SC9863A1 Processor1 Year on Handset and 6 Months on Accessories
158,"OnePlus Nord CE 2 Lite 5G (Blue Tide, 128 GB)","₹17,399",6 GB RAM | 128 GB ROM16.74 cm (6.59 inch) Display64MP Rear Camera | 16MP Front Camera5000 mAh Battery12 Months
159,"vivo T2x 5G (Marine Blue, 128 GB)","₹12,999",4 GB RAM | 128 GB ROM16.71 cm (6.58 inch) Full HD+ Display50MP + 2MP | 8MP Front Camera5000 mAh BatteryDimensity 6020 Processor1 Year of Device & 6 Months for Inbox Accessories
160,"vivo T2x 5G (Glimmer Black, 128 GB)","₹12,999",4 GB RAM | 128 GB ROM16.71 cm (6.58 inch) Full HD+ Display50MP + 2MP | 8MP Front Camera5000 mAh BatteryDimensity 6020 Processor1 Year of Device & 6 Months for Inbox Accessories
161,"vivo T2x 5G (Aurora Gold, 128 GB)","₹12,999",4 GB RAM | 128 GB ROM16.71 cm (6.58 inch) Full HD+ Display50MP + 2MP | 8MP Front Camera5000 mAh BatteryDimensity 6020 Processor1 Year of Device & 6 Months for Inbox Accessories
162,"POCO M6 Pro 5G (Forest Green, 128 GB)","₹12,999",6 GB RAM | 128 GB ROM | Expandable Upto 1 TB17.25 cm (6.79 inch) Full HD+ Display50MP + 2MP | 8MP Front Camera5000 mAh BatterySnapdragon 4 Gen 2 Processor1 Year Manufacturer Warranty for Phone and 6 Months Warranty for In the Box Accessories
163,"Infinix Smart 7 HD (Silk Blue, 64 GB)","₹5,999","2 GB RAM | 64 GB ROM | Expandable Upto 1 TB16.76 cm (6.6 inch) HD+ Display8MP + AI Lens | 5MP Front Camera5000 mAh BatterySpreadtrum 
SC9863A1 Processor1 Year on Handset and 6 Months on Accessories"
164,"Infinix Smart 7 HD (Green Apple, 64 GB)","₹5,999","2 GB RAM | 64 GB ROM | Expandable Upto 1 TB16.76 cm (6.6 inch) HD+ Display8MP + AI Lens | 5MP Front Camera5000 mAh BatterySpreadtrum 
SC9863A1 Processor1 Year on Handset and 6 Months on Accessories"
165,"Infinix Smart 7 HD (Ink Black, 64 GB)","₹5,999","2 GB RAM | 64 GB ROM | Expandable Upto 1 TB16.76 cm (6.6 inch) HD+ Display8MP + AI Lens | 5MP Front Camera5000 mAh BatterySpreadtrum 
SC9863A1 Processor1 Year on Handset and 6 Months on Accessories"
166,"REDMI 12 (Pastel Blue, 128 GB)","₹9,999",4 GB RAM | 128 GB ROM | Expandable Upto 1 TB17.25 cm (6.79 inch) Full HD+ Display50MP + 8MP + 2MP | 8MP Front Camera5000 mAh BatteryHelio G88 Processor1 Year Manufacturer Warranty for Phone and 6 Months Warranty for in the Box Accessories
167,"POCO C50 (Country Green, 32 GB)","₹5,499","2 GB RAM | 32 GB ROM | Expandable Upto 512 GB16.56 cm (6.52 inch) HD+ Display8MP Dual Camera | 5MP Front Camera5000 mAh Lithium Polymer BatteryMediatek Helio A22 Processor, Upto 2.0 GHz Processor1 Year Manufacturer Warranty for Phone and 6 Months Warranty for In the Box Accessories"
168,"REDMI 12 (Moonstone Silver, 128 GB)","₹11,499",6 GB RAM | 128 GB ROM | Expandable Upto 1 TB17.25 cm (6.79 inch) Full HD+ Display50MP + 8MP + 2MP | 8MP Front Camera5000 mAh BatteryHelio G88 Processor1 Year Manufacturer Warranty for Phone and 6 Months Warranty for in the Box Accessories
169,"POCO M6 Pro 5G (Power Black, 64 GB)","₹10,999",4 GB RAM | 64 GB ROM | Expandable Upto 1 TB17.25 cm (6.79 inch) Full HD+ Display50MP + 2MP | 8MP Front Camera5000 mAh BatterySnapdragon 4 Gen 2 Processor1 Year Manufacturer Warranty for Phone and 6 Months Warranty for In the Box Accessories
170,"Infinix Smart 7 HD (Jade White, 64 GB)","₹5,999",2 GB RAM | 64 GB ROM | Expandable Upto 1 TB16.76 cm (6.6 inch) HD+ Display8MP + AI Lens | 5MP Front Camera5000 mAh BatterySpreadtrum SC9863A1 Processor1 Year on Handset and 6 Months on Accessories
171,"Nokia 105 Single SIM, Keypad Mobile Phone with Wireless FM Radio","₹1,549",32 MB RAM | 32 MB ROM4.5 cm (1.77 inch) Display0MP | 0MP Front Camera1000 mAh BatterySC6531E Processor1 Year Replacement Warranty for Device and 6 Months Manufacturer Warranty for Inbox Accessories Including Battery from the Date of Purchase
172,"Nokia 105 Single SIM, Keypad Mobile Phone with Wireless FM Radio","₹1,299",32 MB RAM | 32 MB ROM4.5 cm (1.77 inch) Display0MP | 0MP Front Camera1000 mAh BatterySC6531E Processor1 Year Replacement Warranty for Device and 6 Months Manufacturer Warranty for Inbox Accessories Including Battery from the Date of Purchase
173,"Nokia 105 Single SIM, Keypad Mobile Phone with Wireless FM Radio","₹1,299",32 MB RAM | 32 MB ROM4.5 cm (1.77 inch) Display0MP | 0MP Front Camera1000 mAh BatterySC6531E Processor1 Year Replacement Warranty for Device and 6 Months Manufacturer Warranty for Inbox Accessories Including Battery from the Date of Purchase
174,"MOTOROLA e32 (Arctic Blue, 64 GB)","₹7,999",4 GB RAM | 64 GB ROM | Expandable Upto 1 TB16.51 cm (6.5 inch) HD+ Display50MP + 2MP | 8MP Front Camera5000 mAh BatteryMediatek Helio G37 Processor1 Year on Handset and 6 Months on Accessories
175,"Infinix HOT 30i (Marigold, 128 GB)","₹8,999",8 GB RAM | 128 GB ROM | Expandable Upto 1 TB16.76 cm (6.6 inch) HD+ Display50MP + AI Lens | 5MP Front Camera5000 mAh BatteryG37 Processor1 Year on Handset and 6 Months on Accessories
176,"Infinix HOT 30i (Diamond White, 128 GB)","₹8,999",8 GB RAM | 128 GB ROM | Expandable Upto 1 TB16.76 cm (6.6 inch) HD+ Display50MP + AI Lens | 5MP Front Camera5000 mAh BatteryG37 Processor1 Year on Handset and 6 Months on Accessories
177,"Infinix HOT 30i (Glacier Blue, 128 GB)","₹8,999",8 GB RAM | 128 GB ROM | Expandable Upto 1 TB16.76 cm (6.6 inch) HD+ Display50MP + AI Lens | 5MP Front Camera5000 mAh BatteryG37 Processor1 Year on Handset and 6 Months on Accessories
178,"OnePlus Nord CE 3 Lite 5G (Chromatic Gray, 128 GB)","₹19,999",8 GB RAM | 128 GB ROM17.07 cm (6.72 inch) Display108MP Rear Camera5000 mAh BatteryDomestic Warranty of 12 months on phone & 6 months on accessories
179,"OnePlus Nord CE 3 Lite 5G (Chromatic Gray, 256 GB)","₹21,999",8 GB RAM | 256 GB ROM17.07 cm (6.72 inch) Display108MP Rear Camera5000 mAh BatteryDomestic Warranty of 12 months on phone & 6 months on accessories
180,"Infinix HOT 30i (Glacier Blue, 64 GB)","₹8,199",4 GB RAM | 64 GB ROM | Expandable Upto 1 TB16.76 cm (6.6 inch) HD+ Display50MP + AI Lens | 5MP Front Camera5000 mAh BatteryG37 Processor1 Year on Handset and 6 Months on Accessories
181,"Infinix HOT 30i (Diamond White, 64 GB)","₹8,199",4 GB RAM | 64 GB ROM | Expandable Upto 1 TB16.76 cm (6.6 inch) HD+ Display50MP + AI Lens | 5MP Front Camera5000 mAh BatteryG37 Processor1 Year on Handset and 6 Months on Accessories
182,"Infinix HOT 30i (Marigold, 64 GB)","₹8,199",4 GB RAM | 64 GB ROM | Expandable Upto 1 TB16.76 cm (6.6 inch) HD+ Display50MP + AI Lens | 5MP Front Camera5000 mAh BatteryG37 Processor1 Year on Handset and 6 Months on Accessories
183,"realme C55 (Rainforest, 128 GB)","₹13,999",8 GB RAM | 128 GB ROM | Expandable Upto 1 TB17.07 cm (6.72 inch) Full HD+ Display64MP + 2MP | 8MP Front Camera5000 mAh BatteryHelio G88 Processor1 Year Manufacturer Warranty for Phone and 6 Months Warranty for In the Box Accessories
184,"realme C55 (Rainy Night, 128 GB)","₹13,999",8 GB RAM | 128 GB ROM | Expandable Upto 1 TB17.07 cm (6.72 inch) Full HD+ Display64MP + 2MP | 8MP Front Camera5000 mAh BatteryHelio G88 Processor1 Year Manufacturer Warranty for Phone and 6 Months Warranty for In the Box Accessories
185,"REDMI 12 (Jade Black, 128 GB)","₹11,499",6 GB RAM | 128 GB ROM | Expandable Upto 1 TB17.25 cm (6.79 inch) Full HD+ Display50MP + 8MP + 2MP | 8MP Front Camera5000 mAh BatteryHelio G88 Processor1 Year Manufacturer Warranty for Phone and 6 Months Warranty for in the Box Accessories
186,"realme C55 (Sunshower, 64 GB)","₹10,999",4 GB RAM | 64 GB ROM | Expandable Upto 1 TB17.07 cm (6.72 inch) Full HD+ Display64MP + 2MP | 8MP Front Camera5000 mAh BatteryHelio G88 Processor1 Year Manufacturer Warranty for Phone and 6 Months Warranty for In the Box Accessories
187,"realme C55 (Rainy Night, 64 GB)","₹10,999",4 GB RAM | 64 GB ROM | Expandable Upto 1 TB17.07 cm (6.72 inch) Full HD+ Display64MP + 2MP | 8MP Front Camera5000 mAh BatteryHelio G88 Processor1 Year Manufacturer Warranty for Phone and 6 Months Warranty for In the Box Accessories
188,"realme C55 (Rainforest, 64 GB)","₹11,999",6 GB RAM | 64 GB ROM | Expandable Upto 1 TB17.07 cm (6.72 inch) Full HD+ Display64MP + 2MP | 8MP Front Camera5000 mAh BatteryHelio G88 Processor1 Year Manufacturer Warranty for Phone and 6 Months Warranty for In the Box Accessories
189,"realme C55 (Rainforest, 64 GB)","₹10,999",4 GB RAM | 64 GB ROM | Expandable Upto 1 TB17.07 cm (6.72 inch) Full HD+ Display64MP + 2MP | 8MP Front Camera5000 mAh BatteryHelio G88 Processor1 Year Manufacturer Warranty for Phone and 6 Months Warranty for In the Box Accessories
190,"Infinix NOTE 12i (Metaverse Blue, 64 GB)","₹9,499",4 GB RAM | 64 GB ROM | Expandable Upto 512 GB17.02 cm (6.7 inch) Full HD+ AMOLED Display50 MP + 2 MP + QVGA | 8MP Front Camera5000 mAh Lithium-ion Polymer BatteryMediatek Helio G85 Processor1 Year on Handset and 6 Months on Accessories
191,"POCO M6 Pro 5G (Forest Green, 64 GB)","₹10,999",4 GB RAM | 64 GB ROM | Expandable Upto 1 TB17.25 cm (6.79 inch) Full HD+ Display50MP + 2MP | 8MP Front Camera5000 mAh BatterySnapdragon 4 Gen 2 Processor1 Year Manufacturer Warranty for Phone and 6 Months Warranty for In the Box Accessories
